title,production_year,movie_id
For Always,2004,3613673
Remembering November,2002,4145560
University Heights,2004,4507895
University Heights: A Look Behind the Scenes,2004,4507896
Yearbook,2002,4579132
A Quiet Place,2018,3237153
Amber,2004,3275371
Her Summer,2004,3691578
Impulse,2010,3741765
Lost/Found,2003,3902122
Origin,NA,4053170
Shades,2004,4207676
Spread,2012,4255645
The Bride Wore Blood,2006,4326396
The Chiropractor,NA,4331846
Haunt,NA,3681335
Nightlight,2015,4011648
Sovereign,NA,4249297
Zeroes,NA,3173415
